[
  {
    "id": 1,
    "type": "Technical",
    "title": "National Hackathon 2024",
    "description": "24-hour coding competition to solve real problems.",
    "club": "Computer Science Club",
    "date": "January 15, 2024",
    "time": "9:00 AM - 9:00 AM",
    "location": "Main Auditorium",
    "registered": "156 / 200"
  },
  {
    "id": 2,
    "type": "Cultural",
    "title": "Cultural Fest - Rhythm 2024",
    "description": "Music, dance and drama competitions.",
    "club": "Cultural Committee",
    "date": "February 20-22, 2024",
    "time": "10:00 AM - 8:00 PM",
    "location": "College Grounds",
    "registered": "450 / 500"
  },
  {
    "id": 3,
    "type": "Workshop",
    "title": "AI/ML Workshop",
    "description": "Hands-on ML workshop using Python.",
    "club": "AI/ML Society",
    "date": "January 25, 2024",
    "time": "2:00 PM - 6:00 PM",
    "location": "Computer Lab 3",
    "registered": "48 / 50",
    "spotsLeft": 2
  },
  {
    "id": 4,
    "type": "Workshop",
    "title": "AI/ML Workshop",
    "description": "Hands-on ML workshop using Python.",
    "club": "AI/ML Society",
    "date": "January 25, 2024",
    "time": "2:00 PM - 6:00 PM",
    "location": "Computer Lab 3",
    "registered": "48 / 50",
    "spotsLeft": 2
  }
]