[
  {
    "src": "./images/precodex.jpeg",
    "alt": "Abstract art",
    "title": "Photography Club: Abstract Night",
    "info": "An evening exhibition of abstract photography featuring student works from the Photography Club."
  },
  {
    "src": "https://images.unsplash.com/photo-1755569309049-98410b94f66d?q=80&w=772&auto=format&fit=crop&ixlib=rb-4.1.0&ixid=M3wxMjA3fDB8MHxwaG90by1wYWdlfHx8fGVufDB8fHx8fA%3D%3D",
    "alt": "Modern sculpture",
    "title": "Art Club: Sculpture Showcase",
    "info": "Sculpture showcase featuring kinetic and modern pieces by Art Club members."
  },
  {
    "src": "https://images.unsplash.com/photo-1755497595318-7e5e3523854f?q=80&w=774&auto=format&fit=crop&ixlib=rb-4.1.0&ixid=M3wxMjA3fDB8MHxwaG90by1wYWdlfHx8fGVufDB8fHx8fA%3D%3D",
    "alt": "Digital artwork",
    "title": "Game Dev: Indie Expo",
    "info": "Indie game demos and art from the Game Dev Club — playable and on display."
  },
  {
    "src": "https://images.unsplash.com/photo-1755353985163-c2a0fe5ac3d8?q=80&w=774&auto=format&fit=crop&ixlib=rb-4.1.0&ixid=M3wxMjA3fDB8MHxwaG90by1wYWdlfHx8fGVufDB8fHx8fA%3D%3D",
    "alt": "Contemporary art",
    "title": "Design Club: Contemporary Works",
    "info": "A collection of contemporary design projects and installations by the Design Club."
  }
]
